{
  "Serilog": {
    "Using": [],
    "MinimumLevel": {
      "Default": "Debug",
      "Override": {
        "Microsoft": "Information",
        "System": "Information",
        "Microsoft.Hosting.Lifetime": "Information"
      }
    },
    "WriteTo": [
      {
        "Name": "Console",
        "Args": {
          "restrictedToMinimumLevel": "Information",
          "rollingInterval": "Hour",
          "outputTemplate": "[{Timestamp:o}] [{Level:u3}] {Message}{NewLine}{Exception}"
        }
      }
    ],
    "Enrich": [
      "FromLogContext",
      "WithMachineName",
      "WithProcessId",
      "WithThreadId",
      "WithExceptionDetails"
    ]
  }
}